Name,Website,Careers Page
Crosby,https://crosby.ai/,https://jobs.ashbyhq.com/crosby
applied37,https://www.a37.ai/,https://jobs.ashbyhq.com/a37
attention.com,https://attention.com,https://app.dover.com/Attention/careers/aa017804-432e-4316-95b6-9869e6fd95d4
glimpse,https://tryglimpse.com,https://www.tryglimpse.com/,https://jobs.ashbyhq.com/glimpse
treater,https://trytreater.com,https://trytreater.com/careers
infinite machine,https://infinitemachine.com,https://infinitemachine.com/,Infinite Machine Careers - https://jobs.ashbyhq.com/infinite-machine
agentio,https://www.agentio.com/,https://jobs.ashbyhq.com/agentio
Rogo,https://rogo.ai/,https://jobs.ashbyhq.com/Rogo
camber,https://camber.health/,https://jobs.ashbyhq.com/camber
verse medical,https://versemedical.com,https://jobs.ashbyhq.com/versemedical
bond studio ai,https://www.bondstudio.ai/,mailto:careers@bondstudio.ai
Tennr,https://www.tennr.com/,https://jobs.ashbyhq.com/tennr
accesiBe,https://accessibe.com,https://www.linkedin.com/company/accessibe/jobs/
Haize Labs,https://www.haizelabs.com/,https://www.haizelabs.com/about#careers
getIntro,https://getintro.com,https://www.getintro.com/careers
Gradient Labs,https://gradient-labs.ai,https://gradient-labs.ai/careers#open-roles
Remark,https://withremark.com,https://jobs.polymer.co/remark
Anchor Browser,https://anchorbrowser.io/,
Stainless,https://www.stainless.com/,https://jobs.ashbyhq.com/stainlessapi
Kickoff,https://www.trainwithkickoff.com/,https://jobs.lever.co/Kickoff
Bastion,https://bastion.com,https://www.bastion.com/careers
monumental,https://monumental.co,https://www.monumental.co/jobs
Allowability,https://www.allowability.ai/,
Offdeal,https://offdeal.io,https://offdeal.io/careers#open-roles
Trata,https://trytrata.com,https://www.linkedin.com/company/trata-inc/jobs/
Triomics,https://www.triomics.com/,https://www.workatastartup.com/companies/triomics
Double,https://keeper.app/,https://jobs.ashbyhq.com/double
Eisen,https://witheisen.com,
Koodos,https://koodos.com,https://koodos.notion.site/join-the-koodos-team-f99d4eaab4a440ffb773e9535c8c1ab4
Rain,https://www.rain.xyz/,https://www.rain.xyz/careers
Tabs,https://tabs.inc,https://tabs.inc/careers#open-positions
Enterpret,https://www.enterpret.com/,http://enterpret.com/careers
Permitflow,https://www.permitflow.com/,https://jobs.ashbyhq.com/permitflow
Zip,https://ziphq.com,https://ziphq.com/careers
Traba,https://traba.work/,https://jobs.ashbyhq.com/traba
Axiom,https://www.axiom.xyz/,https://jobs.ashbyhq.com/axiom
Harmonyze,https://www.harmonyze.com/,
Open Yield,https://openyld.com,https://openyield.rippling-ats.com/
CryptoPond,https://cryptopond.xyz,https://cryptopond.xyz/careers
Avantos,https://avantos.ai,
Keychain,https://www.keychain.com/,
Headway,https://headway.co/,https://job-boards.greenhouse.io/headway
Axion Ray,https://www.axionray.com/,https://jobs.ashbyhq.com/axionray
OneChronos,https://www.onechronos.com/,https://www.onechronos.com/careers/#open-roles
Tandem,https://withtandem.com/,https://withtandem.com/company#open-positions
Rilla,https://www.rilla.com/,https://jobs.ashbyhq.com/rilla
Clarion,https://clarionhealth.com,https://www.clarionhealth.com/company
Dirac,https://www.diracinc.com/,https://www.diracinc.com/careers
Sola,https://www.sola.ai/,https://jobs.ashbyhq.com/sola
August,https://www.august.law/,https://jobs.ashbyhq.com/august
Profound,https://www.tryprofound.com/,https://www.tryprofound.com/careers
Perplexity,https://perplexity.ai,https://job-boards.greenhouse.io/perplexityai
Exa,https://exa.ai,https://jobs.ashbyhq.com/exa
Kindred,https://livekindred.com/,https://jobs.ashbyhq.com/kindred
Halliday,https://halliday.xyz/,https://halliday.xyz/careers/search
Knoetic,https://knoetic.com,https://job-boards.greenhouse.io/knoetic
J2 Health,https://j2health.com/,https://job-boards.greenhouse.io/j2health
Allium,https://www.allium.so/,https://jobs.ashbyhq.com/allium
ClaimSorted,https://www.claimsorted.com/,https://www.ycombinator.com/companies/claimsorted/jobs
Vibe,https://www.vibe.co/,https://jobs.ashbyhq.com/vibe
Konvu,https://konvu.com/,https://jobs.ashbyhq.com/konvu
Silana,https://silana.com,https://www.silana.com/about#career
Pulley,https://www.withpulley.com/,https://jobs.ashbyhq.com/withpulley
Network Right,https://www.networkright.com/,https://jobs.ashbyhq.com/networkright
Garage,https://www.shopgarage.com/,https://jobs.ashbyhq.com/garage
Vendelux,https://vendelux.com/,https://jobs.ashbyhq.com/vendelux
Nourish,https://www.usenourish.com/,https://job-boards.greenhouse.io/usenourish
allwhere,https://www.allwhere.co/,https://allwhere.applytojob.com/apply
doji,https://www.doji.com/,https://jobs.ashbyhq.com/doji
Vellum,https://vellum.ai,https://vellum.ai/careers
NoGood,https://nogood.io/,https://apply.workable.com/nogood/
Windmill,https://gowindmill.com,https://gowindmill.com/careers/
Knot,https://knotapi.com,https://jobs.ashbyhq.com/knot
Clarium Health,https://www.clariumhealth.com/,https://jobs.ashbyhq.com/clarium
Harvey,https://harvey.ai,https://jobs.ashbyhq.com/harvey
Accrue,https://www.byaccrue.com/,https://job-boards.greenhouse.io/accrue
Suno,https://suno.com/home,https://jobs.ashbyhq.com/suno
Attio,https://attio.com,https://attio.com/careers
Freed,https://getfreed.ai,https://www.getfreed.ai/careers/positions
Bluefish,https://www.bluefishai.com/,https://job-boards.greenhouse.io/bluefishai
Coherence,https://www.withcoherence.com/,
InstaLily,https://instalily.ai/,https://instalily.ai/careers
TopLine Pro,https://www.toplinepro.com/,https://jobs.ashbyhq.com/topline-pro
Confido,https://www.confidotech.com/,https://www.workatastartup.com/companies/confido
GovEagle,https://www.goveagle.com/,https://www.workatastartup.com/companies/goveagle
Sent,https://www.sent.dm/,https://careers.sent.dm/
Checkly,https://www.checklyhq.com/,https://jobs.ashbyhq.com/checkly
Taktile,https://www.taktile.com/,https://jobs.ashbyhq.com/taktile
GreenLite,https://greenlite.com,https://greenlite.com/careers/?utm_source=substack&utm_medium=email
Noetica,https://www.noetica.ai/,https://jobs.ashbyhq.com/noetica/
Clear Street,https://clearstreet.io,https://job-boards.greenhouse.io/clearstreet
Trullion,https://trullion.com,https://www.clearstreet.io/careers#open-roles
NewForm,https://www.newform.ai/,https://newform-ai.notion.site/Open-Roles-at-NewForm-1c79e8094ac38090a1dfcea0b3a8c5dc
Alloy,https://alloy.com,https://www.alloy.com/about/jobs/detail?gh_jid=8011480002
Beam,https://www.getbeam.cash/,
Assembled,https://www.assembled.com/,https://jobs.ashbyhq.com/assembledhq
Filed,https://www.filed.com/,https://jobs.ashbyhq.com/filed
Kinsei,https://kinseitalent.com/,https://www.careers-page.com/kinseitalent
ai.work,https://ai.work,https://www.ai.work/careers
Savant Bio,https://www.savantbio.com/,https://job-boards.greenhouse.io/savantbio
Applecart,https://applecart.co,https://www.applecart.co/careers
EliseAI,https://www.eliseai.com/,https://www.eliseai.com/careers
Fractional AI,http://fractional.ai/,https://jobs.ashbyhq.com/fractional-ai
ODDITY,http://oddity.com/,https://www.linkedin.com/company/odditytech/jobs/
TechTree,https://www.techtree.dev/,https://www.linkedin.com/company/techtreehq/jobs/
Qumis,https://www.qumis.ai/,https://jobs.ashbyhq.com/qumis
Starbridge,https://starbridge.ai,https://starbridge.ai/careers?ashby_jid=eee309e7-75e5-4c4d-863e-b406201d1dd9&utm_source=Kvj02lMjOv
Token Security,https://www.token.security/,https://www.token.security/company/careers
Air,https://air.inc/,https://apply.workable.com/air/#jobs
Lightning AI,https://lightning.ai/,https://job-boards.greenhouse.io/lightningai
OpenAI,https://openai.com,https://openai.com/careers/search/?
Maple,https://maple.inc/,https://jobs.ashbyhq.com/maple
LocalStack,https://www.localstack.cloud/,https://apply.workable.com/localstack/
Vannevar,https://www.vannevarlabs.com/,https://job-boards.greenhouse.io/vannevarlabs
Rillet,https://rillet.com,https://rillet.com/careers/
Monumental Labs,https://www.monumentallabs.co/,https://monumentaljobs.notion.site/061caee796a04898b5f979020113751f?v=1de47ac79e03463b9dbe71df92592144
Turnkey,https://www.turnkey.com/,https://jobs.ashbyhq.com/turnkey
CrustData,https://crustdata.com/,https://www.workatastartup.com/companies/crustdata
Pontera,https://pontera.com/,https://job-boards.greenhouse.io/pontera
Probook,https://www.probook.ai/,https://jobs.ashbyhq.com/probook
ModernFi,https://modernfi.com,https://www.modernfi.com/resources/careers
Marble Health,https://www.marblehealth.com/,https://www.marblehealth.com/careers#open-positions
Whop,https://whop.com,https://whop.com/careers/
PointOne,https://pointone.com,https://pointone.com/careers
Fifth Dimension,https://www.fifthdimensionai.com/en-us,https://careers.fifthdimensionai.com/
Fortuna Health,https://www.fortunahealth.com/,https://fortuna-health.notion.site/Careers-at-Fortuna-Health-22346587fa038013bec7d8944dd31acc?source=copy_link
Viam,https://www.viam.com/,https://job-boards.greenhouse.io/viamrobotics
Nominal,https://nominal.io/,https://jobs.lever.co/nominal
Chromatic,https://www.gochromatic.com/,mailto:jobs@gochromatic.com
Brighthire,https://brighthire.com,https://brighthire.com/careers/#open-roles
Structify,https://www.structify.ai/,https://structifyai.notion.site/join-our-team
Brighterway,https://www.brighterway.ai/,https://www.workatastartup.com/companies/brighterway
Factored Quality,https://www.factoredquality.com/,https://www.workatastartup.com/companies/factored-quality
Parabola,https://parabola.io/,https://jobs.ashbyhq.com/parabola-io
Credal,https://www.credal.ai/,https://www.credal.ai/careers
Fragment,https://fragment.dev/,https://fragment.dev/careers
actively ai,https://actively.ai,https://www.actively.ai/careers
Cambio,https://cambio.ai,https://www.cambio.ai/careers
Basis AI,https://www.getbasis.ai/,https://jobs.ashbyhq.com/basis-ai
Plural,https://plural.sh,https://www.plural.sh/careers
The Browser Company,https://www.thebrowser.company/,https://www.thebrowser.company/careers
Metronome,https://metronome.com,https://metronome.com/company/careers
Clipbook,https://clipbook.com/careers,https://clipbook.com/
AirOps,https://airops.com,https://jobs.ashbyhq.com/airops
Alpen Labs,http://alpenlabs.io/,https://job-boards.greenhouse.io/alpenlabs
Aniai,https://aniai.ai,
Arize AI,https://arize.com,https://arize.com/careers/
Radical AI,https://www.radical-ai.com/,https://jobs.lever.co/RadicalAI
Sana Labs,https://sanalabs.com,https://sanalabs.com/careers#open-positions
Modern Treasury,https://www.moderntreasury.com/,https://jobs.ashbyhq.com/moderntreasury
Hume AI,https://www.hume.ai/,https://www.hume.ai/careers#openRoles
Mako,https://mako-dev.com,https://jobs.mako-dev.com/
Jerry,https://jerry.ai/,https://jobs.ashbyhq.com/Jerry.ai
Crux,https://www.cruxclimate.com/,https://www.cruxclimate.com/careers
Deed,https://joindeed.com,https://www.joindeed.com/careers
Slingshot AI,https://www.slingshot.xyz/,https://jobs.ashbyhq.com/SlingshotAI
Savvy Wealth,https://www.savvywealth.com/,https://jobs.ashbyhq.com/savvy
Paragon AI,https://paragon.ai - https://paragon.ai/,https://www.workatastartup.com/companies/paragon-ai
Finch,https://www.tryfinch.com/,https://www.tryfinch.com/careers#roles
Merit Systems,http://merit.systems/,https://www.merit.systems/careers
Alta,https://www.altahq.com/,https://www.altahq.com/careers
Aerflo,https://aerflo.co,https://www.linkedin.com/company/aerflo/jobs/
Antimetal,https://antimetal.com/,https://jobs.ashbyhq.com/antimetal
Braintrust,https://braintrust.dev,https://www.braintrust.dev/careers
ElectronX,https://electronx.com,https://www.electronx.com/careers
Trovo Health,http://trovohealth.com,https://app.dover.com/Trovo%20Health/careers/29062fb2-2880-4a05-94e2-92504418dc83
Nomic AI,https://www.nomic.ai/,https://jobs.ashbyhq.com/nomic.ai
Ataraxis,https://ataraxis.ai/,https://jobs.ashbyhq.com/ataraxis-ai
Numeric,https://www.numeric.io/,https://jobs.ashbyhq.com/numeric
Fern,https://buildwithfern.com/,https://buildwithfern.com/careers
Carry,https://carry.com,https://jobs.ashbyhq.com/carry
gentrace,https://gentrace.ai,https://gentrace.ai/careers#Open-Positions
Tailshift,https://tailshift.ai/,https://artistic-curiosity-e2b.notion.site/Careers-at-Tailshift-c7458ab37b3641988233e8ae124af1cb
Baseten,https://www.baseten.co/,https://jobs.ashbyhq.com/baseten
Kaizen Labs,https://kaizenlabs.co,https://jobs.ashbyhq.com/kaizenlabs
Voiceops,https://www.voiceops.com/,
Daash,https://daash.co/,https://daash.co/careers
Fay,http://faynutrition.com/,https://job-boards.greenhouse.io/fay
Arcol,https://www.arcol.io/,https://www.arcol.io/careers
Fora,https://www.foratravel.com,https://www.foratravel.com/careers/jobs
Oboe,https://oboe.fyi/,
Unify,https://www.unifygtm.com/,https://jobs.ashbyhq.com/unify
Doorstep,https://www.doorstep.ai/,https://www.doorstep.ai/careers
Rho,https://www.rho.co/,https://www.rho.co/careers
Sequence,https://www.sequencehq.com/,https://jobs.ashbyhq.com/sequence
Solomon,https://solomontax.ai,https://careers.solomontax.ai/
Roon,https://www.roon.com/,https://rooncare.notion.site/Work-at-Roon-92c6afa69f724ef7aca1e761489dfe69#d3e85ef4d3224d8fab4ef71b3c65f263
Stuut,https://www.stuut.ai/,https://jobs.ashbyhq.com/stuut-ai
Revv,https://revvhq.com,https://www.revvhq.com/careers#ashby-careers-object
Arena,https://www.usearena.com/,mailto:careers@usearena.com
TestParty,https://testparty.ai/,https://testparty.ai/careers
Distributed Spectrum,https://www.distributedspectrum.com/,https://jobs.ashbyhq.com/distributed-spectrum
Infinite Machine,https://www.infinitemachine.com/,https://www.infinitemachine.com/careers?lp_location=wf
Goodword,https://www.goodword.com/,
Silna,https://silnahealth.com/,https://www.silnahealth.com/company/#careers
Herald,https://www.heraldapi.com/,https://job-boards.greenhouse.io/heraldapi
Norm AI,https://norm.ai,https://www.norm.ai/careers?ashby_jid=e9423da5-e9c9-4480-ac65-9bbb92f21980#job-openings
Neon,https://www.neonpay.com/,https://jobs.ashbyhq.com/Neon
Heidi,https://www.heidihealth.com/,https://jobs.ashbyhq.com/heidihealth.com.au
Cape,https://cape.co,https://www.cape.co/careers?ashby_jid=91715e82-0e86-475a-b745-c203c623cd0c
Basis Research,https://www.basis.ai/,https://www.basis.ai/join-us/
Synthesia,https://synthesia.io,https://www.synthesia.io/careers#open-positions
Wiser AI,https://getwiser.io/,
Parter,https://parter.ai,https://parter.ai/open-positions
Spade,https://spade.com,https://job-boards.greenhouse.io/spade
Ekho,https://www.ekho.com/,https://www.ekho.com/careers
Partiful,https://partiful.com/,https://jobs.ashbyhq.com/partiful
Pogo,https://www.joinpogo.com/,https://joinpogo.notion.site/Come-join-us-at-Pogo-24afd1425ef84b1aaef36930ae09db08
Agno,https://www.agno.com/,
Outtake,https://www.outtake.ai/,https://outtake.notion.site/Careers-at-Outtake-b58a4205553743dc8a5b9dc328e77143
Endex,https://endex.ai/,https://jobs.ashbyhq.com/endex
Moment,https://moment.com/,https://moment.com/careers
Mirage,https://mirage.app/,https://jobs.ashbyhq.com/mirage
Codex,https://www.codex.xyz/,https://www.codex.xyz/about
Notion,https://notion.com,https://jobs.ashbyhq.com/notion?source=LinkedIn
Passionfroot,https://www.passionfroot.me/,https://passionfroot.recruitee.com/
Neon Mobile,https://neonmobile.com,
Lava,https://www.lava.xyz/,https://sites.lava.xyz/?pvs=4
Bevel,https://www.bevel.health/,https://jobs.ashbyhq.com/bevel
Spur,https://www.spurtest.com/,https://www.spurtest.com/careers
Theo,https://theo.xyz/,https://theo.xyz/
Qosmos,https://www.qosmos.ai/,https://www.qosmos.ai/
Lunos,https://www.lunos.ai/,https://foremost-cacao-bd3.notion.site/Working-at-Lunos-175bc90c9f5880cd9f7bc58811d5e998
Shade,https://shade.inc,
Basic Capital,https://basiccapital.com/,https://jobs.ashbyhq.com/basiccapital
Chaos Labs,https://chaoslabs.xyz/,https://chaoslabs.xyz/careers
Aaru,https://aaru.com/,https://aaru.com/careers
Regal,https://www.regal.ai/,https://jobs.lever.co/regalvoice/
Icon,https://icon.com,https://icon.com/careers
Pace,https://www.paceapp.com/,https://www.paceapp.com/about-us#careers
Conduit Commerce,https://www.conduitcommerce.com/,https://www.conduitcommerce.com/careers
Playground,https://www.tryplayground.com/,https://jobs.ashbyhq.com/playground
Ambrook,https://ambrook.com/,https://jobs.ashbyhq.com/ambrook
MainTouch,https://maintouch.com/,https://www.linkedin.com/company/maintouch/jobs/
Atlas,https://atlascard.com/,https://jobs.ashbyhq.com/atlas
Tenex,https://www.tenex.co/,https://jobs.ashbyhq.com/tenexlabs
Amigo,https://amigo.ai,https://www.amigo.ai/careers
Maybern,https://www.maybern.com/?tpcc=NL_Marketing,https://jobs.ashbyhq.com/maybern
Popcorn,https://www.popcorn.space/,https://www.popcorn.space/careers#open-postion
Flipturn,https://www.getflipturn.com/,https://jobs.ashbyhq.com/flipturn
Cloaked,https://www.cloaked.com/,https://jobs.lever.co/cloaked-app
Runway AI,https://runwayml.com/,https://job-boards.greenhouse.io/runwayml
Brightwave,https://www.brightwave.io/,https://www.linkedin.com/company/brightwaveio/jobs/
InHouse,https://www.tryinhouse.com/,
Array,https://array.com/,https://array.com/company/careers/
Fizz,https://joinfizz.com/,https://jobs.polymer.co/fizz
Attention,https://www.attention.com/,https://app.dover.com/Attention/careers/aa017804-432e-4316-95b6-9869e6fd95d4
Circle,https://circle.so/,https://circle.so/careers#open-roles
Vantage,https://www.vantage.sh/,https://www.vantage.sh/careers
Limitless,https://www.limitless.ai/,https://jobs.ashbyhq.com/limitless
Sesame,https://sesamecare.com/,https://jobs.lever.co/sesame/
Wayfaster,https://www.wayfaster.com/,https://www.werehiringanengineer.com/
Cyera,https://www.cyera.io/,https://www.cyera.com/careers#open-positions
Beehiiv,https://www.beehiiv.com,https://beehiiv.bamboohr.com/careers
Reflection,https://www.reflection.ai/,https://jobs.ashbyhq.com/reflectionai
Levels,https://www.levels.com,https://levelshealth.notion.site/Careers-at-Levels-3616891ed02d4c0787fd64227f9bc57a
Hugging Face,https://huggingface.co/,https://apply.workable.com/huggingface/
Shortcut,https://www.shortcut.com/,https://www.shortcut.com/careers#openings
Pin,https://www.pin.com/,
Copilot,https://www.copilot.app/,https://www.linkedin.com/company/assemblycom/jobs/
Navattic,https://www.navattic.com/,https://www.navattic.com/company/careers#open-roles
Imprint,https://imprint.co/,https://jobs.ashbyhq.com/imprint?utm_source=aRoGLll8KW
Meow,https://www.meow.com/,
Unit,https://www.unit.co/,https://www.unit.co/careers#open-roles
Simulate,https://simulate.com/,https://jobs.polymer.co/simulate
Grafana Labs,https://grafana.com/,https://grafana.com/about/careers/open-positions/
Luzmo,https://www.luzmo.com/,https://luzmo.recruitee.com/
Zenlytic,https://www.zenlytic.com/,https://www.zenlytic.com/
Rapider AI,https://www.rapider.ai/,https://www.rapider.ai/
Cake AI,https://www.cake.ai/,https://job-boards.greenhouse.io/cakeai
PIN,https://www.getpin.xyz/,https://www.getpin.xyz/
SpruceID,https://spruceid.com/,https://jobs.lever.co/sprucesystems
Roam,https://ro.am/,https://ro.am/about/careers
Range,https://range.com,"https://www.range.com/public/careers#:~:text=Every%20new%20hire%20spends%20their,how%20to%20generate%20massive%20impact"
Pinecone,https://pinecone.io,https://www.pinecone.io/careers/#:~:text=Our%20Global%20Office%20Locations
Merge,https://merge.dev,"https://www.merge.dev/careers#:~:text=SF%2C%20NYC%2C%20and%20Berlin%20have,never%20felt%20closer"
Choco,https://choco.com,https://choco.com/us/careers
Hebbia,https://hebbia.com,https://www.hebbia.com/careers#careers
Distyl,https://distyl.ai/,https://jobs.ashbyhq.com/Distyl
Casap,https://www.casaphq.com/,https://www.casaphq.com/about#careers
Centari,https://www.centari.com/,https://jobs.ashbyhq.com/centari
Protege,https://www.withprotege.ai/,https://jobs.ashbyhq.com/protege
Dagster labs,https://dagster.io,https://dagster.io/careers
Debut,https://debutbiotech.com,https://www.debutbiotech.com/careers
m0,https://m0.org,https://www.m0.org/careers
omnea,https://omnea.co,https://www.omnea.co/careers#opportunities
Birches Health,http://bircheshealth.com/,https://dorian-puma-112.notion.site/Birches-Health-Careers-5521ecbd443347b1bba38efce3b6cc83
Doctronic,https://doctronic.ai,https://www.doctronic.ai/careers/?utm_source=substack&utm_medium=email
Blacksmith,https://blacksmith.sh,https://www.blacksmith.sh/careers
Warp,https://www.warp.dev/,https://www.warp.dev/careers#open-roles
Warp,https://www.joinwarp.com/,https://www.joinwarp.com/careers/roles
August Digital,https://wellfound.com/company/fractal-protocol-1,https://wellfound.com/company/fractal-protocol-1
CoverForce,https://coverforce.com,https://www.coverforce.com/careers
Firsthand,https://firsthand.ai,https://www.firsthand.ai/careers
Brisk Teaching,https://briskteaching.com,https://www.briskteaching.com/careers
Multiply Mortgage,https://multiplymortgage.com,https://www.multiplymortgage.com/about
Pickle,https://shoponpickle.com,https://apply.workable.com/pickle-1/
Privy,https://privy.io,https://www.privy.io/careers
Layer Health,https://layerhealth.com,https://www.layerhealth.com/company#roles
Berry Street,https://berrystreet.co,https://apply.workable.com/berry-street/
73 Strings,https://73strings.com,https://73strings.com/resources/careers
SpotDraft,https://spotdraft.com,https://spotdraft.darwinbox.in/ms/candidate/careers
Hidden Level Inc.,https://hiddenlevel.com,https://www.hiddenlevel.com/careers
Rings AI,https://www.ringsxrm.com,https://www.linkedin.com/company/rings-ai/jobs/
Sightline Climate,https://www.ctvc.co,https://app.dover.com/Sightline%20Climate/careers/ccd80c9d-75ee-446e-8aaf-47b07e00d07e
Rosterfy,https://rosterfy.com,https://rosterfy.careers.hibob.com/
Converge,http://runconverge.com,https://www.runconverge.com/careers
Foyer,https://foyersavings.com,https://www.linkedin.com/company/foyersavings/jobs/
Abridge,https://abridge.com,https://jobs.ashbyhq.com/Abridge
BillionToOne,https://billiontoone.com,https://billiontoone.com/careers/open-positions
SuppCo,https://supp.co,https://www.linkedin.com/company/supp-co/jobs/
Jimini Health,https://jiminihealth.com,
Counsel Health,https://counselhealth.com,https://jobs.ashbyhq.com/counsel
Photon,https://www.photon.health/,https://wellfound.com/company/photon-health
Eon,https://eon.io,https://job-boards.eu.greenhouse.io/eonio
Belfry,http://belfrysoftware.com - http://belfrysoftware.com/,https://www.linkedin.com/company/belfrysoftware/jobs/
ControlMonkey,https://controlmonkey.io,https://controlmonkey.io/careers/
Seeds,https://seedsinvestor.com,https://wellfound.com/company/seeds-investor
Culina Health,https://culinahealth.com,https://culinahealth.com/careers
Cognovi Labs,https://cognovilabs.com,https://www.cognovilabs.com/careers
Baselayer,https://baselayerhq.com,https://baselayerhq.com/work-at-baselayer/
Caldera,https://caldera.xyz,https://jobs.ashbyhq.com/caldera
dub,http://dubapp.com,https://ats.rippling.com/dub/jobs
Greenboard,https://greenboard.com,https://workatastartup.com/companies/greenboard
Ethyca,https://ethyca.com/,https://ethyca.com/jobs-culture
9fin,https://9fin.com/?tpcc=NL_Marketing,https://jobs.ashbyhq.com/9fin
Tildei,https://tildei.com,https://jobs.lever.co/tildei
Conduktor,https://conduktor.io/?tpcc=NL_Marketing,https://conduktor.io/open-positions
Ellipsis Labs,https://ellipsislabs.xyz,https://www.ellipsislabs.xyz/careers
Stepful,https://www.stepful.com/,https://www.ycombinator.com/companies/stepful/jobs
Ideogram,https://ideogram.ai,https://jobs.ashbyhq.com/ideogram
Granular Energy,https://granular-energy.com,https://www.granular-energy.com/join-us
Cofactr,https://www.cofactr.com,https://jobs.lever.co/Cofactr
Daylight,http://daylight.xyz,https://careers.clicker.xyz/Join-the-Clicker-Team-1f2c730a32a880058d38f72759ff27fa
Monto,https://montopay.com,https://montopay.com/career-in-monto/
autone,https://autone.io,https://jobs.ashbyhq.com/autone
Texture,https://www.texturehq.com,https://jobs.ashbyhq.com/texture
Flex,https://withflex.com,https://www.workatastartup.com/companies/flex
SPATE,spate.nyc - https://spate.nyc,https://www.workatastartup.com/companies/spate https://apply.workable.com/spate/ https://www.workatastartup.com/companies/spate - https://apply.workable.com/spate/
Numeral,numeralhq.com - https://numeralhq.com,https://www.workatastartup.com/companies/numeral
Liveflow,liveflow.io - https://liveflow.io,https://jobs.ashbyhq.com/liveflow
Liquid AI,https://liquid.ai,https://jobs.ashbyhq.com/liquid-ai
DraftWise,draftwise.com - https://draftwise.com,https://www.draftwise.com/careers
BoldVoice,boldvoice.com - https://boldvoice.com,https://www.workatastartup.com/companies/boldvoice
Levro,levro.com - https://levro.com,https://www.workatastartup.com/companies/levro
ExchangeRobotics,https://www.exchangerobotics.com,
Techtrust,https://techtrust.com,https://recruitcrm.io/jobs/Techtrust_jobs
Dover,dover.com - https://dover.com,https://app.dover.com/dover/careers/733c3162-cbbd-6558-9866-1d6b8561f8b9
Thread AI,threadai.com - https://threadai.com,https://www.threadai.com/company
Tetrix,https://www.tetrix.co/,https://www.linkedin.com/company/tetrixinc/jobs/
Linx Security,http://linx.security/,
Chalk,https://chalk.ai,https://chalk.ai/careers#open-roles
Archive,https://archive.com,https://archive.com/careers
Shepherd,https://shepherdinsurance.com,https://shepherdinsurance.com/careers
Impala,https://impala.digital,https://www.linkedin.com/company/impala-digital-platform/jobs/
"Atraverse Medical, Inc.",https://atraversemedical.com,https://atraversemedical.com/careers/
Magna,https://magna.so,https://www.linkedin.com/company/magnatokens... https://www.magna.so/careers#openings https://www.linkedin.com/company/magnatokens... - https://www.magna.so/careers#openings
David Energy,https://www.davidenergy.com/,https://jobs.ashbyhq.com/davidenergy
Comun,https://comun.app,https://www.comun.app/en/careers
Midas,https://midas.app,https://wellfound.com/company/midas-10
Summer Health,https://www.summerhealth.com,https://jobs.ashbyhq.com/summerhealth
Blackbird Labs,http://blackbird.xyz,https://jobs.ashbyhq.com/blackbird-labs-inc
Paces,https://paces.com,https://jobs.gem.com/paces
Credit Genie,https://creditgenie.com,https://jobs.ashbyhq.com/creditgenie
Anterior,https://www.anterior.com,https://www.anterior.com/company#open-positions
Capitalize,https://www.hicapitalize.com/,https://www.hicapitalize.com/careers/#current-openings
Misfits Market,https://www.therounds.co/,https://job-boards.greenhouse.io/misfitsmarket
Copilot Money,https://copilot.money/,https://careers.copilot.money/
ORO,https://www.getoro.xyz/,
Ghost,https://ghost.org/,https://careers.ghost.org/
Sitch,https://download.joinsitch.com/,https://download.joinsitch.com/jobs#openings
mymind,https://mymind.com/,
FLORA,https://www.florafauna.ai/,https://jobs.ashbyhq.com/FLORA
Dupe,https://Dupe.com,
Sandbar,https://sandbar.com/,
DualEntry,https://www.dualentry.com/,https://careers.dualentry.com/open-positions
Trestle,https://www.trestle.inc/?utm_source=substack&utm_medium=email,https://jobs.ashbyhq.com/trestle
Sage,https://hellosage.com,https://www.hellosage.com/company/careers?utm_source=substack&utm_medium=emailhttps://www.hellosage.com/company/careers
Hanover Park,https://www.hanoverpark.com/,https://app.dover.com/Hanover%20Park/careers/9924ae0e-eac5-40c7-976c-776778e00dba?utm_source=substack&utm_medium=email
Factory,https://factory.ai,https://factory.ai/company
Applied Labs,https://appliedlabs.ai/,https://jobs.ashbyhq.com/appliedlabs
Lithic,https://www.lithic.com/,https://job-boards.greenhouse.io/lithic
Opal Security,https://www.opal.dev/,https://www.opal.dev/careers
Tollbit,https://tollbit.com/,https://job-boards.greenhouse.io/tollbit
Cosmos,https://www.cosmos.so/,https://www.cosmos.so/careers
Euclid,https://www.euclidpower.com/,https://job-boards.greenhouse.io/euclidpower
TensorZero,https://www.tensorzero.com/,https://www.tensorzero.com/jobs/
Charm,https://charm.land/,
Flower Computer Co.,https://www.flowercomputer.com/,
Ona,https://ona.com/,https://ona.com/careers
Garden,https://www.gardenintel.com/,https://www.linkedin.com/company/garden-intelligence/jobs/
Kingdom Supercultures,https://www.kingdomsupercultures.com/,
Mbodi,https://www.mbodi.ai/,https://www.ycombinator.com/companies/mbodi-ai/jobs
Jobright,https://jobright.ai/,https://www.linkedin.com/company/jobright-ai/jobs/
Nebra,https://nebra.one/,https://nebra.one/career
Avina,https://www.avina.io/,https://www.linkedin.com/company/avinaio/jobs/
Odyssey,https://withodyssey.com/,https://jobs.ashbyhq.com/odyssey
claim,https://claim.co,https://www.linkedin.com/company/claim-co/jobs/
Lido,https://Lido.app,https://www.lido.app/careers
Aleph,https://www.getaleph.com/,https://www.getaleph.com/careers#open-roles
Miso,https://www.miso.com,
Equals,https://equals.com/,https://jobs.ashbyhq.com/equals
.txt,https://dottxt.co/,https://jobs.ashbyhq.com/dottxt
Posh,https://posh.vip/,https://careers.posh.vip/
continua,https://www.continua.ai/,https://jobs.ashbyhq.com/continua/
Fauna Robotics,https://faunarobotics.com/,https://faunarobotics.com/careers/
Coast,https://coastpay.com/,https://coastpay.com/careers/#join-the-team
Payman,https://paymanai.com/,https://www.linkedin.com/company/paymanai/jobs/
Fabric,https://www.fabrichealth.com/,https://www.fabrichealth.com/careers
Series,https://series.so/,
Junction,https://www.junction.com/,https://jobs.ashbyhq.com/junction
ElevenLabs,https://elevenlabs.io/,https://elevenlabs.io/careers
Supper,https://www.supper.co/,https://ats.rippling.com/supper/jobs
Campus,https://campus.edu/,https://jobs.ashbyhq.com/Campus
Veris AI,https://veris.ai/,
Stedi,https://www.stedi.com/,https://www.stedi.com/careers/board
Truv,https://truv.com/,https://jobs.lever.co/truv
Modal,https://modal.com/,https://jobs.ashbyhq.com/modal
Tavily,https://www.tavily.com/,https://www.tavily.com/careers
Clay,https://www.clay.com/,https://www.clay.com/careers
Clay,https://clay.earth/,https://clay.earth/careers
Wingspan,https://www.wingspan.app/,https://www.wingspan.app/careers
Osmo,https://www.osmo.ai/,https://www.osmo.ai/careers
april,https://www.getapril.com/,https://www.getapril.com/careers
Baton,https://www.baton.market/,https://jobs.ashbyhq.com/Baton
Narmi,https://www.narmi.com/,https://jobs.lever.co/narmi
Pinwheel,https://www.pinwheelapi.com/,https://job-boards.greenhouse.io/pinwheelapi
Taxwire,https://www.taxwire.com/,https://www.taxwire.com/team
Chronograph,https://www.chronograph.pe/,https://www.chronograph.pe/careers/
Rutter,https://www.rutter.com/,https://www.rutter.com/careers#roles
Daydream,https://daydream.ing/welcome,https://jobs.ashbyhq.com/daydream-ai
Nous Research,https://nousresearch.com/,https://nousresearch.com/careers/
Mura,https://www.mura.co/,https://mura-website.notion.site/Careers-at-Mura-130079dded2d80e29603dbdd9c9c7f80
Graphite,https://graphite.dev/,https://graphite.dev/careers#positions
Astral,https://astral.sh/,https://jobs.ashbyhq.com/astral
Formance,https://www.formance.com/,https://www.ycombinator.com/companies/formance/jobs
Torq,https://torq.io/,https://job-boards.greenhouse.io/torq?offices%5B%5D=4004019004
Adaptive Security,https://www.adaptivesecurity.com/,https://jobs.ashbyhq.com/adaptivesecurity
Perch,https://perch.app/,https://perch.app/careers
AgentSmyth,https://agentsmyth.com/,https://agentsmyth.com/careers
Rally,https://www.rallyuxr.com/,https://www.ycombinator.com/companies/rally-uxr/jobs
Superblocks,https://www.superblocks.com/,https://www.superblocks.com/careers#roles
Siena AI,https://www.siena.cx/,https://jobs.ashbyhq.com/siena
Clair,https://getclair.com/,https://job-boards.greenhouse.io/clair
Optura,https://www.optura.ai/,https://optura.ai/careers#open-positions
Daytona,https://www.daytona.io/,https://www.daytona.io/careers
Twill,https://www.withtwill.com/,
Cartwheel,https://getcartwheel.com/,https://getcartwheel.com/company
Lavender,https://www.lavender.ai/,
SuperHi,https://www.superhi.com/,https://www.superhi.com/careers
Proof of Play,https://proofofplay.com/,https://jobs.ashbyhq.com/proofofplay
TigerData,https://www.tigerdata.com/,https://www.tigerdata.com/careers#jobs
Cinder,https://www.cinder.co/,https://jobs.ashbyhq.com/cinder
The General Intelligence Company,https://generalintelligencecompany.com/,https://www.generalintelligencecompany.com/careers
HoneyHive,https://www.honeyhive.ai/,https://careers.honeyhive.ai/
